49.152383,-122.969215,"8223 92 St, Delta, BC V4G 0A4, Canada",,,16.7.2023
49.83095087,-123.1505743,"Squamish, Britisk Columbia, Canada",Paradise Valley RV Campground,https://www.rvparky.com/location/paradise-valley-rv-campground,16.7.2023
50.29672,-122.81963,"Nairn Falls Provincial Park, Whistler, BC V0N 1B4, Canada",Nairn Falls Provincial Park,https://www.rvparky.com/location/nairn-falls-provincial-park,17.7.2023
50.6631968614,-121.926022768,"Lillooet, British Columbia",Texas Creek Campground,https://www.rvparky.com/location/texas-creek-campground,19.7.2023
50.78727223,-121.0734558,"Walhachin, BC V0K 2P0, Canada",Juniper Beach Provincial Park,https://www.rvparky.com/location/juniper-beach-provincial-park,20.7.2023
50.72839,-120.02969,"Kamloops, Britisk Columbia, Canada",Pinantan Lake Resort,https://www.rvparky.com/location/pinantan-lake-resort-pinantan-lake-british-columbia,21.7.2023
50.55226,-119.13133,"Enderby, British Columbia",Quilakwa RV Park,https://www.rvparky.com/location/quilakwa-rv-park-enderby-british-columbia,23.7.2023
49.92854129,-119.5119723,"Kelowna, Britisk Columbia, Canada",Bear Creek Provincial Park,https://www.rvparky.com/location/bear-creek-provincial-park,24.7.2023
49.33445,-119.72241,"Kaleden, British Columbia",Twin Lakes Golf & RV Park,https://www.rvparky.com/location/twin-lakes-golf-and-rv-park,26.7.2023
49.0899,-120.68116,"Manning Park, British Columbia",Mule Deer Campground - E. C. Manning,https://www.rvparky.com/location/mule-deer-campground-e-c-manning-british-columbia,27.7.2023
49.00481,-122.70249,"155 188 St, Surrey, BC V3S 9R9, Canada",,,29.7.2023
49.152383,-122.969215,"8223 92 St, Delta, BC V4G 0A4, Canada",,,30.7.2023
